corpus,regime,feasible,n_groups,rho_max,size_train,size_val,size_test,actives_train,actives_test,baseline_auroc,baseline_auprc,n_pos_test,n_neg_test,notes
pdbbind,ligand,false,13301,0.016126490518464043,9924,4557,4556,7858,1748,0.7158571945471259,0.5930353499289786,1748,2808,""
pdbbind,scaffold,false,11360,0.02379576613962284,9801,4618,4618,7675,1839,0.6989900952553144,0.6086799410693905,1839,2779,""
pdbbind,protein,false,11862,0.009192624888375269,7342,5855,5840,6880,2234,0.5808805055336501,0.43424262278007447,2234,3606,""
pdbbind,pocket,false,19037,0.00005252928507643011,9989,4524,4524,8032,1659,0.7552816253194012,0.5995570662792731,1659,2865,""
pdbbind,assay,false,0,0.0,0,0,0,0,0,NaN,NaN,0,0,"infeasible: no edges of type ['example_from_assay', 'example_from_publication'] in graph"
pdbbind,dual,false,7415,0.1645217208593791,8186,5420,5431,6089,2632,0.6882008310610281,0.6341245535070998,2632,2799,""
pdbbind,strict,false,19037,0.00005252928507643011,9989,4524,4524,8032,1659,0.7552836240423224,0.5995602090940524,1659,2865,""
