corpus,regime,feasible,n_groups,rho_max,size_train,size_val,size_test,actives_train,actives_test,baseline_auroc,baseline_auprc,n_pos_test,n_neg_test,notes
dude,ligand,true,1200435,0.000014644157434455193,1003813,215103,215103,15963,3421,0.8793705259352371,0.39705935774769474,3421,211681,""
dude,scaffold,true,466609,0.003009723023195648,1003813,215103,215103,15963,3421,0.8762364265541451,0.36865170939692626,3421,211682,""
dude,protein,true,102,0.03632587852741142,546604,444179,443236,8855,6970,0.8088881095149584,0.2212150484647981,6970,436266,""
dude,pocket,false,0,0.0,0,0,0,0,0,NaN,NaN,0,0,"infeasible: no edges of type ['example_has_pocket', 'pocket_in_cluster', 'pocket_similar'] in graph"
dude,assay,false,0,0.0,0,0,0,0,0,NaN,NaN,0,0,"infeasible: no edges of type ['example_from_assay', 'example_from_publication'] in graph"
dude,dual,true,1434019,6.97340830212152e-7,735721,349150,349148,11848,5479,0.8292214444694733,0.25424174468675287,5479,343669,""
dude,strict,true,1434019,6.97340830212152e-7,735721,349150,349148,11848,5479,0.8292214444694734,0.25424174468675287,5479,343669,""
