corpus,regime,feasible,n_groups,rho_max,size_train,size_val,size_test,actives_train,actives_test,baseline_auroc,baseline_auprc,n_pos_test,n_neg_test,notes
pdbbind,ligand,false,13301,0.016126490518464043,9917,4560,4560,7863,1743,0.7070235079930111,0.5887887999744789,1743,2816,""
pdbbind,scaffold,false,11360,0.02379576613962284,9809,4615,4613,7671,1839,0.7065742525658713,0.6208600437832824,1839,2774,""
pdbbind,protein,false,11862,0.009192624888375269,7337,5856,5844,6919,2216,0.5549398431374111,0.4093846410655985,2216,3628,""
pdbbind,pocket,false,19037,0.00005252928507643011,9948,4546,4543,8009,1670,0.7462067160942738,0.5917239024732606,1670,2872,""
pdbbind,assay,false,0,0.0,0,0,0,0,0,NaN,NaN,0,0,"infeasible: no edges of type ['example_from_assay', 'example_from_publication'] in graph"
pdbbind,dual,false,7415,0.1645217208593791,8192,5416,5429,6100,2627,0.6788316274171448,0.6243494514267454,2627,2802,""
pdbbind,strict,false,19037,0.00005252928507643011,9948,4546,4543,8009,1670,0.7462067160942738,0.5917267314920664,1670,2872,""
